{
  "id": "module",
  "title": "Wait Screen Upgrade Module",
  "version": "1.2.2",
  "compatibility": {
    "minimum": "11",
    "verified": "12"
  },
  "description": "A module to enhance the wait screen experience.",
  "authors": [
    {
      "name": "BigJohnMoss"
    }
  ],
  "url": "https://github.com/BigJohnMoss/BJMFoundryMods",
  "manifest": "https://raw.githubusercontent.com/BigJohnMoss/BJMFoundryMods/main/module/module.json",
  "download": "https://raw.githubusercontent.com/BigJohnMoss/BJMFoundryMods/main/module.zip",
  "scripts": ["scripts/main.js"],
  "styles": ["styles/style.css"]

}